{"train_acc":[56.356,39.332,32.464,28.260000000000005,25.323999999999998,23.183999999999997,21.872,20.92,19.932000000000002,19.340000000000003,17.891999999999996,17.584000000000003,17.200000000000003,16.227999999999994,15.763999999999996,15.480000000000004,14.920000000000002,14.560000000000002,14.012,13.063999999999993,13.331999999999994,12.840000000000003,12.311999999999998,11.975999999999999,11.156000000000006,11.168000000000006,10.132000000000005,16.08,17.471999999999994,18.120000000000005,18.156000000000006,18.379999999999995,18.147999999999996,17.611999999999995,17.715999999999994,16.988,16.376000000000005,16.104,15.536000000000001,15.287999999999997,14.64,13.983999999999995,13.111999999999995,12.855999999999995,11.780000000000001,11.652000000000001,11.164000000000001,10.304000000000002,9.560000000000002,9.159999999999997,8.424000000000007,7.456000000000003,7.268000000000001,6.292000000000002,5.563999999999993,4.992000000000004,4.188000000000002,12.063999999999993,13.168000000000006,25.299999999999997,33.007999999999996,32.684,31.843999999999994,31.052000000000007,29.659999999999997,29.191999999999993,28.763999999999996,27.587999999999994,26.659999999999997,26.248000000000005,24.896,24.024,23.367999999999995,22.195999999999998,21.352000000000004,20.272000000000006,19.260000000000005,18.156000000000006,17.168000000000006,16.132000000000005,15.232,14.483999999999995,13.756,13.236000000000004,12.512,12.224000000000004],"train_loss":[1.532903345451355,1.1000753895568847,0.9168144027328491,0.8068368035888672,0.7330423596572876,0.6744724001693726,0.6300026927375794,0.5975289365577697,0.5691401668739319,0.5493423484802246,0.5227095882034302,0.5050930813598633,0.4906612285232544,0.4701305906867981,0.4598542653656006,0.45328831197738645,0.4348733859825134,0.4198404890060425,0.4056477341651917,0.3846662396907806,0.37909056972503663,0.368510104265213,0.350999732131958,0.3392112008285523,0.32542320755004883,0.3218574381828308,0.29522101833343506,0.4692659055137634,0.503408408870697,0.5210476576995849,0.5306831223392486,0.5350465406036377,0.5280063550567627,0.5160785309791565,0.5145519996070862,0.4960626176261902,0.4732349395751953,0.4656452891921997,0.4527152259063721,0.43983636253356934,0.41966456186294554,0.4074355308246613,0.3859002153396606,0.3721244240283966,0.34905534399032595,0.33735670697212217,0.3193808304977417,0.2932765901660919,0.2777553666114807,0.26103405584335326,0.24206319060325623,0.21449967552661894,0.20194429013729095,0.1804305312538147,0.15887492008209228,0.143159212474823,0.12232687763214112,0.3502634684753418,0.38150438932418823,0.7369549613952636,0.9505996236228943,0.9460972405433655,0.9245447435379028,0.8956496200370788,0.863306912689209,0.8486773826789856,0.8270676948547363,0.800829573841095,0.7780527335166931,0.7512787622070313,0.7241065650558471,0.6967186677742004,0.6791962231826782,0.6497246489143371,0.6197191157722474,0.5952359791946411,0.5653172191238404,0.5335710144615173,0.5034833940505982,0.47547432663917544,0.45272544028282163,0.4295153897762299,0.4010194957828522,0.38767869921684267,0.3685993072128296,0.35528378220558166],"valid_acc":[44.252,35.620000000000005,30.111999999999995,28.099999999999994,26.959999999999994,23.695999999999998,24.427999999999997,21.724000000000004,22.227999999999994,20.36,19.808000000000007,20.232,18.647999999999996,19.0,18.976,18.792,17.823999999999998,18.592,17.331999999999994,17.340000000000003,17.268,17.072000000000003,16.379999999999995,15.623999999999995,16.287999999999997,16.415999999999997,15.992000000000004,19.708,20.152,20.884,21.299999999999997,21.900000000000006,20.159999999999997,22.808000000000007,20.900000000000006,19.884,19.019999999999996,19.132000000000005,18.616,17.671999999999997,18.555999999999997,17.708,16.656000000000006,16.804000000000002,16.516000000000005,15.507999999999996,14.456000000000003,14.879999999999995,14.391999999999996,13.912000000000006,13.316000000000003,13.311999999999998,12.947999999999993,12.763999999999996,12.376000000000005,11.831999999999994,11.936000000000007,16.751999999999995,18.635999999999996,38.012,32.760000000000005,36.088,35.544,32.040000000000006,33.548,34.831999999999994,33.3,28.632000000000005,28.040000000000006,27.792,27.232,24.191999999999993,25.256,24.331999999999994,22.971999999999994,22.147999999999996,21.495999999999995,19.763999999999996,18.147999999999996,20.304000000000002,17.28,16.195999999999998,15.432000000000002,15.712000000000003,15.652000000000001,15.415999999999997],"valid_loss":[1.2409734475708007,1.004682037525177,0.8687791592025756,0.7996573963165283,0.7789966568374633,0.677398519935608,0.7093155855560302,0.6322629445266723,0.6471730925941467,0.5943708797645569,0.5749975384521484,0.5900859553909302,0.5538830474853516,0.5571879532241821,0.5588597610855103,0.5585039455223083,0.516871434726715,0.5526883437156678,0.5136012793827057,0.5129340301513672,0.5134623514461517,0.5020938665771484,0.4837073214149475,0.4723792053604126,0.4866011071586609,0.4958071989250183,0.4922586992263794,0.5737640591526032,0.5949855551815033,0.5981094096755981,0.623839322795868,0.6379757419967651,0.5856957042884827,0.6593480220794677,0.6135742322158814,0.5869719679546356,0.5560945323371888,0.5553612155628205,0.547752225227356,0.5138087280750274,0.5361624951171875,0.5214639510059357,0.5009967587852479,0.497677214012146,0.48920088620185853,0.4609666952228546,0.4332455381965637,0.4493269003868103,0.42835723817825316,0.4190794155073166,0.4012768676662445,0.40641463555336,0.40378030141830445,0.395083854637146,0.39119800429344176,0.38435418085098266,0.385691226940155,0.49784891067504883,0.542896575164795,1.1079787342071534,0.9553826961517334,1.0148402703666688,1.024178064441681,0.9190269813537598,0.9645121771430969,1.0521162698745727,0.9667402997207641,0.8321193352890015,0.806202068271637,0.7766562066459656,0.7929057409286498,0.7009779932022094,0.7325686543655395,0.699828057422638,0.6618899577713012,0.6352797735023499,0.6306167040634155,0.5819712876701355,0.5249108499717713,0.5997599142837524,0.49978201517105103,0.47529236515045165,0.45533250743865966,0.46219403038024903,0.46201146844863894,0.4484470916366577]}