{"train_acc":[61.176,47.416,42.632,38.816,36.092,33.94799999999999,32.944,31.792,30.811999999999998,29.959999999999994,29.563999999999993,28.536,27.980000000000004,27.355999999999995,27.052000000000007,27.424000000000007,27.092,26.956000000000003,26.063999999999993,26.180000000000007,25.932000000000002,25.227999999999994,25.5,24.855999999999995,25.144000000000005,25.164,25.203999999999994,24.772000000000006,24.584000000000003,23.811999999999998,24.180000000000007,23.891999999999996,23.888000000000005,23.756,23.879999999999995,23.400000000000006,23.751999999999995,23.688000000000002,23.212000000000003,23.64,23.447999999999993,23.195999999999998,23.683999999999997,23.727999999999994,23.572000000000003,24.072000000000003,24.244,23.983999999999995,24.768,24.451999999999998],"train_loss":[1.6492153938293457,1.3247671436309814,1.1865666479492187,1.0888163013839722,1.0281363912963868,0.9678066166305542,0.9383554497146607,0.9002955392074585,0.8868786071395874,0.8571085819625854,0.8540087278747559,0.8262461604690552,0.8097528819656372,0.7987830559158325,0.79247242603302,0.7900789350509644,0.7765861050796509,0.7724685615730286,0.760395404663086,0.7624424998474121,0.754015205745697,0.744231567325592,0.7423388771820069,0.7308017120552063,0.7326872087097168,0.7329085341072082,0.732342917175293,0.7222503317642212,0.7194373246574401,0.7085558453559876,0.7103069730758667,0.7122878761672974,0.7062521948623657,0.7012333485794068,0.7105582919216156,0.7048130961036682,0.7048319653701782,0.7020210863685608,0.6956122235870361,0.7029674490356446,0.6977951771354676,0.6972375367927551,0.6991217836380005,0.7079694204711914,0.7121844799995423,0.7162658517456054,0.7284016926574707,0.7210775871658325,0.7420026643371582,0.7431992315483094],"valid_acc":[51.108,46.012,40.476,38.168,34.855999999999995,32.364000000000004,31.756,29.864000000000004,29.099999999999994,27.14,26.988,27.248000000000005,26.120000000000005,26.120000000000005,23.976,24.900000000000006,24.944000000000003,23.804000000000002,24.116,23.016000000000005,22.64,22.587999999999994,22.156000000000006,21.932000000000002,21.964,22.215999999999994,21.552000000000007,20.744,20.816000000000003,21.424000000000007,20.227999999999994,20.391999999999996,19.936000000000007,19.840000000000003,19.840000000000003,19.703999999999994,19.772000000000006,19.316000000000003,19.396,18.879999999999995,19.316000000000003,18.915999999999997,18.584000000000003,18.971999999999994,18.715999999999994,18.531999999999996,18.287999999999997,18.680000000000007,18.548000000000002,18.599999999999994],"valid_loss":[1.4192905562210083,1.2670400580596923,1.130307828063965,1.074892803630829,0.9865874543380737,0.9213899502182007,0.8981707493782043,0.849813731250763,0.8335147510528564,0.7694198571968078,0.7738932787322998,0.7989302893066407,0.7468810411262512,0.7409974284553528,0.6985643122863769,0.7179449745559693,0.7108176797103882,0.6798365744400025,0.6879929261398315,0.6661631184959411,0.6623993766212464,0.651303455505371,0.6379311573982239,0.6268359209823609,0.6297872296524047,0.6454388349533081,0.6330749729156494,0.6014869387245179,0.5974900734901428,0.6091306533622741,0.586102478275299,0.5900624163246154,0.5804622606086731,0.5742424241828918,0.5765733204460144,0.5744013543128967,0.5772920282745362,0.5707976298713684,0.5685746603965759,0.5544817354393006,0.5634442839431762,0.5471373648834229,0.541301256980896,0.5546444780158997,0.5457882950592041,0.5335272937774658,0.5331901169967651,0.5512013421058655,0.5401293613815308,0.5440646479797363]}