{"train_acc":[60.832,47.632,41.752,38.044,36.148,34.29600000000001,32.956,32.55200000000001,31.676000000000002,30.647999999999996,31.108000000000004,29.864000000000004,29.676000000000002,29.191999999999993,29.275999999999996,28.968000000000004,29.256,28.772000000000006,28.739999999999995,28.884,28.436000000000007,28.308000000000007,28.364000000000004,28.275999999999996,28.147999999999996,28.888000000000005,28.756,28.635999999999996,28.652,28.611999999999995,28.459999999999994,28.971999999999994,28.867999999999995,28.968000000000004,29.372,29.659999999999997,29.488,28.427999999999997,28.712000000000003,29.439999999999998,31.468000000000004,32.772000000000006,34.028000000000006,35.06,35.739999999999995,36.028,36.024,36.248,35.971999999999994,35.635999999999996,35.611999999999995,35.94,35.384,35.556,35.007999999999996,34.736000000000004,34.739999999999995,34.22,34.712,34.156000000000006,33.848,33.732,33.456,33.336,32.8,32.556,32.912000000000006,32.408,32.708,32.732,33.372,34.79600000000001,35.80800000000001,35.976,36.208,35.891999999999996,35.884,35.884,35.81999999999999,35.828,35.328,35.980000000000004,36.004,35.964,36.288,37.264],"train_loss":[1.6415862802505494,1.3231144766235352,1.178145993461609,1.0856677547836304,1.0351405644226075,0.9777966361618042,0.9494424099731446,0.9348510417175293,0.9070201918411255,0.8896987549209595,0.8875565684509278,0.871052117023468,0.8604010357666015,0.8516640351486207,0.8477989954757691,0.8469284913253784,0.8465642829704285,0.8452107413864136,0.8377914321708679,0.8480082744216919,0.8393865205574036,0.8361700888824463,0.836157834815979,0.8391494989776611,0.8307423634719848,0.8518354760360718,0.8509527972602844,0.8505525689315796,0.8512353657913208,0.8525093633270263,0.8464937170410156,0.8658940199279785,0.870305760383606,0.8674907936286926,0.8833724276733398,0.8922349695587158,0.8937868227005005,0.8444034361648559,0.8533284021377563,0.8594786309623719,0.9054222918128967,0.962170324935913,1.0011491058540345,1.0289374507522584,1.039901275253296,1.048943844604492,1.0533386607551574,1.0654773313522339,1.0565163228988648,1.049268688468933,1.0529361376190185,1.0556407349014283,1.045543028678894,1.049801091594696,1.0336988548660277,1.0408990501403808,1.0319885036087035,1.015123766593933,1.024996716194153,1.018687894821167,1.0158741032791139,1.0075439513397217,1.0176115608024596,1.0097265713882446,1.005129345550537,0.9907804912948608,1.0022865979766846,0.9939168676757812,0.9963958646392822,0.9982079752731323,1.014108942260742,1.0358330425834656,1.0703497708129883,1.079410550956726,1.0924156034469605,1.0826046036148071,1.0832308547782898,1.0820473526382446,1.0858648387145997,1.0832826918792724,1.078876010055542,1.0930738693237305,1.1057272854995728,1.1024335450363159,1.118539210128784,1.132989206314087],"valid_acc":[51.4,45.628,38.608,35.652,33.352000000000004,32.92400000000001,31.403999999999996,29.424000000000007,29.492000000000004,28.191999999999993,27.592,26.700000000000003,26.42,25.391999999999996,25.384,25.092,25.388000000000005,23.763999999999996,24.415999999999997,24.123999999999995,23.912000000000006,24.060000000000002,23.248000000000005,22.732,23.144000000000005,23.5,22.852000000000004,22.912000000000006,22.144000000000005,22.340000000000003,21.92,22.031999999999996,21.736000000000004,21.379999999999995,21.340000000000003,21.712000000000003,21.78,22.840000000000003,22.944000000000003,26.260000000000005,28.528000000000006,29.748000000000005,32.084,32.084,30.415999999999997,30.364000000000004,30.379999999999995,31.768,30.451999999999998,29.060000000000002,29.92,28.864000000000004,28.439999999999998,28.36,27.232,27.763999999999996,27.084000000000003,26.823999999999998,26.823999999999998,25.451999999999998,25.459999999999994,24.316000000000003,24.004000000000005,23.959999999999994,24.587999999999994,24.388000000000005,23.524,22.876000000000005,22.992000000000004,22.396,22.128,26.951999999999998,25.915999999999997,27.195999999999998,26.396,25.724000000000004,26.736000000000004,25.031999999999996,26.180000000000007,24.691999999999993,24.563999999999993,23.951999999999998,24.292,23.855999999999995,24.451999999999998,24.296000000000006],"valid_loss":[1.4317756159973145,1.2854581621551513,1.0868695668792725,1.0031594679641724,0.9473640282058716,0.9287955704116821,0.8857056241798401,0.8424677766036988,0.8560060099983215,0.7999417263412476,0.7830456653976441,0.7726482518768311,0.7608409523391724,0.730818969154358,0.7287113055038452,0.7302586068725586,0.7215516418647766,0.684385962715149,0.6919951564788819,0.6985382455253601,0.6895966281986237,0.6841649334144593,0.6694312228584289,0.6527198036575317,0.6635513021087647,0.6810690534400939,0.660975509147644,0.6630165507888794,0.6355840763282776,0.6404639514541626,0.632657586479187,0.6444416439628601,0.6328910241889953,0.6175603398036956,0.6176612922286987,0.6274625556945801,0.6348624738693237,0.6610868428611756,0.6574551514053345,0.7565018547439575,0.8147648154067993,0.8381523293113708,0.9041738751411438,0.9236164680671692,0.8711980707931518,0.8747186011123658,0.8828428118515015,0.897390366897583,0.8608648276901245,0.8206893420791626,0.8520825916862488,0.8327814710998536,0.801621338005066,0.8181120043945312,0.7737261253929139,0.7822645076370239,0.7780966202735901,0.7742578628921509,0.7585275539398193,0.7379431099319458,0.7257795989990234,0.6998695702362061,0.6894901893424987,0.6902931147384643,0.7057574866867066,0.6994062901687622,0.6832391016578674,0.6660851980400085,0.669026603794098,0.6429443128967285,0.6387647955513001,0.7732584536743164,0.7454473834609985,0.7772347686386109,0.7592106357002258,0.7468671392250061,0.769825634880066,0.7165474695014954,0.7507807302856445,0.7066832660293579,0.6997729876518249,0.6896883780288696,0.6951061775016785,0.6920569672393799,0.7059850289344788,0.6974385717010498]}