{"train_acc":[56.624,40.416,34.019999999999996,29.736000000000004,27.715999999999994,26.372,24.872,23.976,23.144000000000005,22.468000000000004,21.796000000000006,20.816000000000003,20.744,20.116,19.403999999999996,19.052000000000007,18.831999999999994,18.0,17.58,17.367999999999995,17.08,16.748000000000005,16.379999999999995,15.451999999999998,15.219999999999999,15.120000000000005,14.275999999999996,21.519999999999996,24.664,25.412000000000006,24.927999999999997,24.823999999999998,24.232,23.623999999999995,23.736000000000004,23.043999999999997,22.596000000000004,21.964,21.328000000000003,21.180000000000007,20.075999999999993,19.884,18.888000000000005,18.519999999999996,17.28,17.016000000000005,16.703999999999994,15.724000000000004,15.063999999999993,14.420000000000002,13.328000000000003,12.823999999999998,12.128,10.971999999999994,10.007999999999996,9.787999999999997,8.528000000000006,7.831999999999994,7.004000000000005,6.819999999999993,5.8359999999999985,15.244,17.012,16.739999999999995,16.623999999999995,15.936000000000007,14.947999999999993,14.251999999999995,13.495999999999995,12.480000000000004,12.028000000000006,11.408000000000001,10.768,10.816000000000003],"train_loss":[1.5302334958267212,1.1265651903915406,0.9629312958145142,0.856230799407959,0.8023836439704896,0.7581722902297974,0.7168239597129822,0.6914776991844177,0.6678629361152649,0.6514327930259705,0.6308282068252563,0.6100890846061706,0.5950752156829834,0.5814956534957886,0.5633116941070556,0.5604787919807435,0.5458530014038085,0.5267888114166259,0.5153751056671143,0.5076953503799438,0.4961001852607727,0.4844149100112915,0.4749171677875519,0.45110209058761597,0.4440451616096497,0.4344529671669006,0.41311229625701906,0.6274243685531616,0.7181178969192505,0.7352300423431396,0.7283713617610932,0.7212021878814697,0.7081085204696655,0.6817688384056091,0.6852192575073243,0.6644534676265716,0.6540519291114807,0.632087493057251,0.6210784799575806,0.6133326809692383,0.5842538346099854,0.5748741310310364,0.554273383140564,0.5417218101882935,0.5089766087532044,0.4956259619140625,0.48737213645935057,0.4636816152381897,0.4381407485675812,0.41999365306854247,0.3912143837738037,0.3662640423488617,0.35190964020729065,0.3222859788894653,0.29478259006500246,0.2753300273513794,0.25015033833503725,0.22868506028175353,0.20593508536338806,0.19190034852981566,0.1728701772594452,0.443272512216568,0.4894624951648712,0.49542968509674074,0.48668378734588624,0.464298771648407,0.44180494998931885,0.4212405588722229,0.3978848923873901,0.3753405616569519,0.3572318815612793,0.3346761727809906,0.317045783996582,0.3153399370527267],"valid_acc":[45.924,38.92,33.92400000000001,29.831999999999994,28.611999999999995,27.739999999999995,24.724000000000004,26.412000000000006,25.268,22.567999999999998,22.944000000000003,22.988,22.055999999999997,23.819999999999993,20.439999999999998,20.052000000000007,20.964,19.864000000000004,20.840000000000003,19.135999999999996,20.724000000000004,19.736000000000004,18.251999999999995,19.311999999999998,17.28,17.959999999999994,17.024,29.468000000000004,26.912000000000006,26.947999999999993,32.208,26.391999999999996,26.256,25.055999999999997,23.584000000000003,24.364000000000004,22.555999999999997,27.811999999999998,23.852000000000004,21.900000000000006,21.540000000000006,22.260000000000005,23.087999999999994,20.964,19.724000000000004,20.784000000000006,17.536,18.239999999999995,16.995999999999995,15.560000000000002,15.587999999999994,16.879999999999995,14.548000000000002,14.352000000000004,14.751999999999995,13.768,13.215999999999994,13.0,13.232,12.319999999999993,12.111999999999995,19.739999999999995,19.988,20.768,19.099999999999994,18.980000000000004,18.007999999999996,17.092,15.947999999999993,15.007999999999996,15.084000000000003,14.584000000000003,14.060000000000002,14.188000000000002],"valid_loss":[1.2725681201171875,1.1032878631973266,0.9759857461738587,0.8552018766403198,0.8369703244400024,0.7961112807655335,0.7166892239570618,0.7549716324234009,0.7299380010414124,0.6632712271499633,0.6689392537307739,0.6809377674293519,0.6451377896308899,0.696305389919281,0.5960478874588012,0.5864053033638,0.6061473467254639,0.5823578089523316,0.6038351830673218,0.5542192244243622,0.6048674293899536,0.5845011029434204,0.5395481371879578,0.5605594637680054,0.5087092511367798,0.5233440662097931,0.5067304991340638,0.8426235814094544,0.7822032448959351,0.7583491490745544,0.9400755445480347,0.7579741613388061,0.7654746405792237,0.7444912808990478,0.6850889083480834,0.7120260793972015,0.6537626640892029,0.7834651762580872,0.6804965842247009,0.6315949617671966,0.6358216428375244,0.6415154907417298,0.6812918026161194,0.6201392134857178,0.5732895517730713,0.6057422770404816,0.50533231798172,0.5254382850646973,0.49840824858665467,0.4597135068941116,0.4529658989620209,0.49319949263572693,0.42387253435134886,0.4200659076309204,0.4384630997657776,0.40758027603149416,0.391812491645813,0.39213831666946414,0.3957457703208923,0.3723849204063416,0.3757613617038727,0.5686993666648865,0.5795162573623657,0.6095436489486694,0.5576644091796875,0.5594204144287109,0.5298358331298828,0.48967466737747195,0.4725974167251587,0.44376080426216125,0.4440588872909546,0.42759425091266634,0.4166503595638275,0.4143785464096069]}