{"train_acc":[60.236,49.112,46.616,45.364,44.956,44.1,44.132,43.8,43.912,42.584,42.124,41.292,40.92,40.004,39.992,38.86,38.272,38.368,37.444,36.908,36.324,36.128,35.988,34.79600000000001,33.86,33.468,32.712,32.16,31.671999999999997,31.036,30.063999999999993,29.439999999999998,28.787999999999997,27.840000000000003,27.108000000000004,25.732,25.251999999999995,24.72,23.796000000000006,22.616,21.727999999999994,20.396,19.683999999999997,18.543999999999997,17.364000000000004,16.304000000000002,15.664000000000001,15.091999999999999,14.727999999999994,13.896],"train_loss":[1.6292332179260254,1.368411580467224,1.3042349479293822,1.276216711807251,1.2656324964141845,1.24386477935791,1.2396898960113525,1.231833846435547,1.2306975174713135,1.2064143279266357,1.1876137486267089,1.168969323348999,1.165616546020508,1.1457087543869018,1.1420947889328004,1.1132230529022218,1.1019062880325317,1.0937262668991088,1.067341095199585,1.0589687001419068,1.0455877499389648,1.0364315761184693,1.0348015760803222,1.0003100955200195,0.9769143160247803,0.9736547494125366,0.9452974766921997,0.9319343280220032,0.9184136670303344,0.8902439272689819,0.8694882584381104,0.8532751436042786,0.8296164694404602,0.8048544835281372,0.7914853297042846,0.7568437981033325,0.7361440379333496,0.7109997560119629,0.6880295437240601,0.661811432132721,0.6286762296867371,0.5959315866088867,0.5714223709106445,0.5464332320213318,0.5108563856887818,0.48046369651794435,0.46436998569488525,0.440486662979126,0.4288592022895813,0.4141530007171631],"valid_acc":[51.924,57.024,53.7,55.524,48.144,45.448,50.484,46.644,44.512,41.196,53.056,49.328,49.844,43.14,50.164,45.08,41.86,41.64,41.98,39.156,40.292,38.82,45.38,47.168,40.224,37.788,32.736000000000004,36.104,39.848,35.664,32.831999999999994,35.2,29.831999999999994,32.876000000000005,27.92,29.256,26.828000000000003,27.512,24.476,24.236000000000004,22.900000000000006,23.412000000000006,21.632000000000005,21.072000000000003,19.64,19.043999999999997,18.268,17.540000000000006,16.683999999999997,16.444000000000003],"valid_loss":[1.43597108543396,1.7080182571411133,1.495373026123047,1.6148447561645507,1.3529007943725586,1.3008158136749268,1.4233508149719238,1.3200049354553223,1.2320151793289185,1.1813081500434877,1.5722532999420167,1.4663803244018554,1.4197439282608033,1.2126298596572875,1.4343254209136962,1.2496343132019043,1.1867734761810302,1.1626194454193115,1.2072921146392823,1.112863551750183,1.1568630853652955,1.1574030258178711,1.2731715309906007,1.3842732922363281,1.2389071117782593,1.1038383980941773,0.9391551187324524,1.0228997276306153,1.1199850484085083,1.020340025653839,0.9407922543334961,1.008528553466797,0.8539348716545105,0.944864217967987,0.7947368087005615,0.8316630423927307,0.7793669852638244,0.7923579921340942,0.7143026932907105,0.7025338013076782,0.6682269154930115,0.6794188056755066,0.6320949876403809,0.6197745790004731,0.5715150709152221,0.5505483455562592,0.5318598023223877,0.5068636861801148,0.4865230644130707,0.48080280662536623]}